1,185,-97,15
3,56,-59,14
7,45,-27,15
0,65,-123,17
0,72,-126,17
7,198,-119,15
0,54,-127,18
2,67,-119,17
2,74,-122,18
10,197,-111,15
1,51,-129,17
3,64,-120,18
6,72,-100,19
3,54,-127,18
4,62,-126,20
7,69,-101,18
13,215,-120,15
5,51,-123,19
5,59,-128,18
7,65,-109,19
7,71,-112,18
7,53,-120,23
7,59,-122,19
9,66,-102,18
7,70,-129,18
10,61,-110,21
14,38,-68,15
8,51,-130,20
11,59,-111,22
10,65,-120,17
16,183,-128,27
17,214,-130,17
18,220,-130,17
10,35,-125,18
10,52,-127,21
12,59,-111,20
18,185,-125,39
12,33,-114,15
11,38,-125,23
14,58,-113,24
20,180,-119,38
19,186,-124,43
12,38,-126,20
13,45,-128,20
14,53,-121,20
16,59,-108,18
15,96,-130,27
21,178,-122,38
21,184,-121,53
21,190,-125,43
14,36,-123,25
14,49,-130,20
16,56,-113,22
17,90,-129,25
17,96,-127,32
17,102,-130,41
23,178,-118,53
23,184,-118,56
23,190,-121,74
22,196,-129,37
24,220,-130,22
16,35,-121,28
18,53,-114,20
20,60,-95,18
18,89,-126,26
19,95,-127,34
19,101,-130,41
20,118,-126,47
20,124,-127,38
20,130,-130,55
24,177,-120,43
25,182,-115,50
25,188,-118,79
25,194,-120,45
25,218,-128,23
17,31,-120,15
17,45,-125,23
19,53,-115,20
21,61,-98,17
19,83,-128,28
20,89,-124,28
20,95,-126,33
20,101,-128,44
21,106,-127,60
22,112,-121,47
22,118,-119,30
22,124,-124,37
22,130,-129,57
22,136,-129,63
25,177,-122,34
26,182,-116,67
26,188,-117,110
27,194,-117,81
26,200,-128,24
26,206,-130,37
26,212,-129,22
27,218,-127,28
19,31,-114,17
20,37,-111,19
19,44,-121,21
21,53,-106,20
19,59,-130,19
20,77,-130,33
21,83,-125,29
22,89,-124,32
22,95,-121,31
23,101,-120,43
23,106,-118,43
24,112,-114,32
24,118,-115,31
24,124,-123,54
24,130,-126,72
24,136,-127,75
24,142,-128,75
24,147,-130,70
27,176,-120,44
27,182,-116,85
28,188,-116,103
28,194,-115,85
28,200,-125,27
28,212,-129,25
28,218,-127,30
20,35,-119,25
21,43,-121,24
21,49,-122,20
22,75,-127,25
23,81,-123,30
23,87,-121,34
24,93,-116,38
24,99,-116,36
25,105,-114,38
25,111,-112,41
26,116,-114,38
25,122,-120,64
26,128,-119,62
26,134,-120,65
26,140,-123,78
26,146,-125,77
26,152,-125,77
27,157,-124,73
27,163,-125,67
27,169,-130,65
29,180,-117,79
29,186,-116,105
30,192,-109,96
30,198,-111,62
29,205,-130,27
30,216,-126,32
22,31,-117,18
22,36,-120,18
23,51,-114,20
23,69,-130,30
24,75,-124,29
24,81,-120,30
25,87,-117,34
26,93,-114,39
26,99,-112,34
27,105,-111,33
27,111,-110,38
27,116,-114,66
27,122,-113,66
28,128,-112,70
28,134,-115,76
28,140,-119,82
28,146,-121,87
28,151,-120,85
29,157,-118,77
29,163,-118,73
29,169,-122,68
29,175,-129,49
30,181,-124,64
31,186,-115,111
32,191,-103,100
32,197,-105,73
31,218,-127,26
23,34,-124,20
24,42,-116,19
24,49,-123,21
24,66,-128,24
25,72,-124,24
26,79,-118,27
27,84,-115,33
27,90,-112,37
28,96,-111,35
28,102,-109,31
29,108,-109,37
29,113,-112,87
29,119,-109,75
30,125,-107,74
30,131,-110,89
30,137,-114,92
30,142,-117,97
30,148,-117,91
31,154,-114,87
31,160,-113,83
31,166,-113,76
31,172,-119,69
31,178,-126,57
31,184,-127,75
34,188,-100,113
34,194,-102,97
34,200,-101,44
32,208,-128,23
33,213,-125,29
33,219,-128,23
25,31,-112,21
25,42,-117,19
25,47,-127,19
25,53,-129,21
25,59,-130,19
26,65,-127,23
27,71,-122,25
28,77,-115,25
28,83,-113,35
29,89,-111,40
29,95,-107,31
30,100,-107,30
30,106,-108,49
30,112,-110,97
31,118,-106,88
31,123,-104,76
31,129,-107,104
31,135,-111,95
31,141,-114,99
32,147,-114,98
32,152,-112,95
33,158,-109,94
33,164,-109,92
33,170,-112,84
33,176,-117,76
32,182,-125,55
33,188,-118,55
35,192,-99,109
36,198,-98,89
34,206,-123,28
34,211,-123,29
34,218,-126,24
26,33,-119,21
26,40,-121,20
26,48,-130,21
27,60,-127,20
28,67,-122,23
29,73,-114,32
30,79,-111,29
30,84,-111,41
31,90,-106,40
31,96,-104,30
31,102,-106,36
31,108,-109,96
32,113,-106,89
33,119,-100,82
33,125,-102,100
33,131,-105,102
33,136,-109,91
33,142,-112,104
33,148,-111,95
34,154,-108,97
35,159,-106,101
35,165,-106,102
35,171,-109,99
35,177,-113,75
34,183,-120,56
35,189,-123,57
37,194,-104,98
38,199,-96,85
36,207,-121,25
36,213,-124,32
36,219,-125,22
29,31,-102,21
27,41,-127,20
28,48,-130,20
28,56,-128,18
29,62,-124,23
30,68,-114,27
31,74,-111,30
31,80,-109,35
32,86,-105,46
33,92,-102,38
33,97,-103,38
33,103,-108,66
33,109,-106,87
34,115,-101,98
35,120,-98,75
35,126,-101,110
35,132,-104,98
35,138,-107,91
35,143,-109,86
35,149,-108,95
36,155,-104,105
36,161,-103,110
37,166,-104,110
37,172,-106,110
37,178,-110,83
36,184,-116,59
36,190,-121,48
37,196,-112,61
38,201,-105,65
37,208,-122,25
37,214,-124,21
38,220,-124,27
29,41,-124,19
29,47,-130,19
30,53,-126,18
30,59,-123,23
31,65,-115,25
32,71,-109,34
33,77,-108,34
33,83,-104,49
34,89,-101,46
34,95,-102,40
34,100,-107,62
34,106,-106,95
35,112,-101,103
36,117,-96,76
36,123,-99,127
36,129,-101,106
36,135,-102,84
36,140,-105,70
37,146,-105,89
37,152,-104,100
38,158,-101,110
38,163,-101,118
38,169,-102,103
38,175,-105,103
38,181,-109,88
38,187,-112,59
38,193,-119,47
38,200,-127,52
38,205,-124,30
39,211,-124,23
39,217,-122,24
32,30,-99,21
31,35,-116,18
31,47,-128,17
31,53,-124,17
32,59,-122,24
33,65,-112,24
34,71,-109,25
34,77,-106,40
35,83,-101,43
35,89,-100,41
36,94,-103,41
35,100,-107,86
36,106,-103,88
37,112,-98,99
38,117,-95,77
38,123,-98,140
38,129,-99,101
38,134,-98,85
38,140,-101,57
39,146,-101,95
39,152,-101,108
39,157,-99,112
40,163,-98,116
40,169,-100,114
40,175,-103,100
40,181,-105,103
40,187,-108,70
40,193,-113,49
40,199,-118,55
40,205,-124,55
40,211,-126,25
41,217,-122,22
34,31,-100,19
32,48,-126,20
33,55,-122,21
34,61,-117,24
35,67,-108,29
35,73,-106,27
36,79,-101,44
37,84,-99,45
37,90,-100,45
37,96,-106,67
37,102,-105,97
38,107,-99,100
39,113,-95,84
39,119,-94,99
39,124,-97,127
40,130,-96,92
40,136,-96,87
40,142,-99,77
40,147,-99,113
41,153,-98,110
41,159,-96,122
41,164,-96,121
42,170,-98,110
42,176,-101,108
42,182,-104,108
42,188,-106,80
42,194,-110,60
42,200,-113,45
41,206,-122,47
42,212,-123,26
42,218,-119,25
33,33,-120,21
33,44,-129,17
34,50,-125,22
35,56,-122,21
36,62,-111,20
37,68,-106,24
37,74,-102,38
38,80,-97,36
38,86,-97,44
38,91,-102,43
38,97,-106,103
39,103,-101,98
40,109,-96,113
40,114,-93,93
41,120,-95,154
41,126,-95,116
41,131,-94,85
41,137,-95,51
42,143,-96,98
42,149,-97,121
42,154,-95,112
43,160,-94,116
43,166,-94,119
43,171,-96,116
43,177,-99,112
43,183,-102,112
43,189,-104,80
44,195,-107,68
44,201,-111,63
43,207,-118,52
43,214,-122,37
44,220,-122,22
37,31,-99,19
35,42,-128,17
35,48,-125,24
36,55,-120,19
37,61,-109,21
38,67,-104,28
39,73,-99,34
40,79,-96,38
40,84,-95,53
40,90,-101,47
40,96,-105,105
40,101,-100,99
41,107,-95,113
42,113,-92,96
42,119,-93,135
42,124,-94,130
43,130,-92,95
43,136,-94,68
43,141,-94,97
43,147,-95,125
44,153,-94,114
44,158,-93,120
45,164,-92,118
45,170,-93,109
45,176,-96,107
45,181,-99,113
45,187,-101,102
45,193,-103,61
45,199,-106,71
45,205,-111,56
45,212,-118,56
45,218,-122,26
38,30,-93,17
36,42,-130,17
37,48,-123,26
38,55,-117,19
39,61,-106,21
40,67,-102,29
41,73,-96,34
41,79,-93,42
41,84,-95,39
41,90,-103,57
41,96,-103,110
42,101,-98,101
43,107,-93,115
43,113,-91,97
44,118,-93,152
44,124,-93,118
44,130,-91,98
44,136,-94,134
45,141,-92,106
45,147,-93,122
45,153,-93,112
46,158,-91,124
46,164,-90,127
46,169,-91,114
47,175,-94,118
47,181,-97,113
47,187,-99,107
47,193,-100,74
47,199,-103,67
47,205,-107,64
47,211,-112,58
47,218,-120,40
40,30,-94,18
38,42,-129,18
39,48,-121,26
40,55,-113,20
41,61,-101,22
42,67,-97,27
42,73,-93,38
43,79,-92,46
43,84,-95,41
42,90,-103,72
43,96,-101,107
44,101,-96,109
44,107,-92,124
45,113,-89,92
45,118,-92,145
45,124,-91,109
46,130,-89,93
46,135,-93,179
46,141,-91,118
47,147,-92,134
47,152,-91,109
47,158,-89,127
48,164,-88,121
48,169,-89,124
48,175,-92,112
48,181,-94,111
48,187,-96,99
49,193,-97,78
49,198,-99,76
49,204,-102,60
49,211,-106,56
48,217,-114,50
39,39,-130,17
40,45,-124,19
41,52,-117,18
42,58,-105,24
43,64,-95,26
44,70,-92,32
44,76,-92,37
44,81,-93,46
44,87,-101,53
44,93,-101,117
45,98,-97,106
46,104,-92,113
46,110,-89,138
47,115,-89,88
47,121,-91,142
47,127,-88,138
47,132,-92,49
48,138,-90,116
48,144,-91,139
48,149,-90,123
49,155,-88,119
49,161,-87,121
49,166,-87,125
50,172,-88,121
50,178,-91,105
50,184,-93,114
50,189,-94,106
50,195,-95,82
51,201,-97,72
51,207,-99,71
51,213,-105,57
50,220,-113,50
40,37,-130,18
41,44,-127,18
42,50,-115,17
43,57,-104,23
45,63,-94,24
45,69,-92,26
45,74,-91,34
46,80,-93,62
45,85,-101,53
46,91,-100,106
46,97,-96,105
47,103,-92,112
48,108,-89,139
48,114,-87,97
48,120,-91,151
49,125,-88,137
49,131,-89,45
49,137,-89,97
49,142,-89,141
50,148,-89,125
50,154,-87,122
51,159,-85,130
51,165,-85,128
51,170,-86,127
51,176,-88,123
51,182,-90,119
52,188,-91,115
52,194,-92,85
52,199,-94,76
52,205,-95,88
52,211,-99,51
52,217,-104,45
45,31,-86,17
42,40,-129,17
43,47,-116,20
45,54,-105,18
46,60,-93,24
46,66,-92,22
47,71,-91,29
47,77,-92,55
47,83,-98,42
47,88,-101,99
47,94,-97,109
48,100,-93,105
49,105,-89,140
49,111,-87,106
49,117,-90,99
50,122,-89,128
50,128,-88,90
50,134,-90,49
51,139,-88,136
51,145,-88,129
51,151,-87,129
52,156,-85,123
52,162,-84,131
53,167,-84,123
53,173,-85,126
53,179,-87,114
53,185,-89,120
53,190,-89,104
54,196,-89,65
54,202,-92,67
54,208,-94,57
54,214,-98,44
54,220,-106,39
44,41,-126,17
45,47,-114,22
46,54,-102,19
47,60,-92,21
48,66,-91,24
48,71,-91,34
48,77,-92,61
48,82,-100,53
48,88,-100,109
49,94,-96,105
50,100,-91,114
50,105,-88,143
51,111,-86,99
51,117,-89,99
51,122,-88,123
52,128,-87,86
52,134,-89,56
52,139,-87,147
53,145,-87,137
53,150,-86,124
53,156,-84,127
54,162,-82,128
54,167,-82,129
54,173,-84,128
55,179,-85,129
55,184,-87,122
55,190,-87,111
55,196,-87,80
56,202,-88,59
56,207,-91,55
56,214,-95,40
55,220,-101,46
47,30,-92,18
45,33,-123,17
46,42,-122,16
47,49,-111,18
48,55,-94,22
49,61,-92,22
49,67,-91,25
50,73,-91,44
50,78,-94,70
49,84,-101,113
50,90,-98,110
51,95,-94,106
51,101,-89,121
52,107,-86,143
52,112,-85,92
52,118,-89,147
53,124,-87,127
53,129,-88,46
53,135,-87,106
54,141,-87,157
54,146,-86,156
55,152,-84,125
55,157,-82,136
55,163,-81,128
56,169,-81,131
56,174,-83,133
56,180,-84,123
56,186,-85,122
57,191,-84,117
57,197,-84,76
57,203,-86,60
57,209,-89,59
57,215,-94,48
46,33,-126,17
46,39,-127,17
48,46,-113,18
49,52,-97,20
50,58,-92,20
51,64,-91,22
51,70,-91,35
51,75,-91,60
51,81,-101,98
51,87,-99,119
52,92,-95,111
53,98,-90,111
53,104,-86,141
54,109,-84,137
54,115,-86,75
54,121,-88,139
54,126,-86,97
55,132,-87,76
55,138,-86,147
55,143,-85,140
56,149,-84,123
56,154,-82,130
57,160,-80,141
57,166,-80,134
57,171,-81,136
57,177,-82,127
58,183,-83,121
58,188,-82,116
58,194,-82,114
59,200,-83,79
59,205,-85,65
59,211,-88,56
59,218,-93,50
50,30,-88,17
48,33,-125,19
48,39,-124,18
50,46,-111,22
51,53,-92,22
52,58,-92,21
52,64,-91,22
52,70,-90,41
52,75,-94,72
52,81,-101,106
53,87,-98,115
53,92,-93,112
54,98,-89,107
55,104,-85,144
55,109,-84,133
55,115,-85,90
55,121,-88,145
56,126,-86,102
56,132,-87,173
56,138,-86,132
57,143,-84,153
57,149,-83,121
58,154,-81,133
58,160,-79,144
58,165,-79,136
59,171,-80,125
59,177,-80,122
59,182,-80,88
60,188,-80,111
60,194,-80,97
60,199,-81,79
60,205,-83,73
60,211,-86,62
60,217,-91,63
49,33,-127,21
50,39,-120,18
51,46,-112,19
53,53,-91,19
53,58,-93,23
53,64,-91,25
54,70,-90,39
54,75,-98,57
54,81,-100,116
54,86,-97,119
55,92,-92,114
56,98,-87,110
56,104,-84,149
57,109,-83,133
57,115,-85,93
57,121,-87,137
57,126,-86,109
57,132,-88,183
58,137,-85,125
58,143,-84,163
59,149,-82,127
59,154,-79,144
60,160,-78,140
60,165,-78,138
60,171,-79,124
60,177,-79,121
61,182,-78,91
61,188,-78,90
61,193,-79,97
62,199,-79,76
62,205,-80,60
62,211,-84,71
62,217,-88,59
50,30,-125,17
51,36,-126,17
52,43,-113,21
54,50,-92,19
54,55,-93,23
55,61,-92,21
55,67,-90,38
55,72,-95,65
55,78,-101,113
55,84,-98,123
56,89,-93,120
57,95,-89,113
57,101,-84,132
58,106,-82,163
58,112,-82,99
58,118,-87,154
59,123,-86,135
59,129,-88,116
59,135,-85,105
60,140,-83,134
60,146,-82,135
60,151,-80,143
61,157,-78,135
61,162,-77,138
62,168,-77,124
62,174,-78,128
62,179,-76,69
63,185,-76,99
63,190,-77,97
63,196,-77,65
63,202,-78,57
64,207,-79,73
64,213,-83,65
64,220,-88,48
52,36,-124,17
54,43,-109,17
55,50,-91,18
56,55,-94,18
56,61,-92,24
56,67,-90,41
56,72,-100,59
56,78,-100,116
57,83,-97,122
58,89,-92,126
58,95,-88,109
59,101,-83,132
59,106,-82,173
60,112,-81,109
60,118,-86,154
60,123,-86,144
60,129,-87,96
61,134,-85,109
61,140,-82,140
61,146,-81,136
62,151,-79,137
62,157,-77,145
63,162,-76,149
63,168,-77,135
63,173,-76,111
64,179,-74,64
64,185,-74,75
64,190,-76,98
65,196,-76,77
65,202,-76,66
65,207,-78,55
65,213,-81,61
65,219,-86,53
53,33,-127,20
55,41,-114,18
57,48,-92,18
57,54,-94,19
57,59,-92,23
58,65,-90,36
57,70,-101,63
58,76,-100,115
58,82,-96,122
59,88,-92,113
60,94,-88,115
60,99,-83,122
61,105,-81,168
61,111,-80,131
61,116,-84,123
61,122,-86,158
62,127,-86,115
62,133,-86,103
62,139,-82,122
63,144,-81,134
63,150,-78,127
64,155,-76,149
64,161,-76,162
64,166,-76,131
65,172,-75,109
65,177,-72,61
66,183,-72,87
66,189,-74,93
66,194,-75,81
66,200,-75,89
67,206,-76,55
67,211,-77,68
67,217,-82,53
56,39,-114,17
58,47,-93,18
58,52,-94,19
59,58,-93,23
59,64,-92,36
59,69,-102,69
59,75,-100,119
60,81,-96,120
60,86,-92,117
61,92,-88,114
62,98,-83,117
62,103,-81,167
62,109,-80,169
63,115,-82,126
63,120,-86,179
63,126,-86,138
63,132,-87,88
64,137,-82,108
64,143,-80,139
65,148,-78,125
65,154,-76,148
65,159,-75,176
66,165,-76,133
66,170,-74,109
67,176,-70,55
67,181,-70,85
67,187,-73,91
67,193,-74,100
68,198,-74,98
68,204,-75,61
68,210,-76,67
68,216,-78,58
57,36,-118,17
59,45,-93,17
60,51,-95,19
60,56,-93,23
60,62,-96,30
60,67,-102,61
60,73,-100,119
61,79,-96,122
62,85,-92,115
62,91,-88,117
63,96,-83,108
63,102,-80,155
64,108,-80,187
64,113,-80,136
64,119,-85,153
64,124,-85,150
64,130,-87,117
65,136,-82,104
66,141,-80,120
66,147,-77,117
66,152,-75,135
67,158,-75,155
67,163,-75,130
67,169,-73,109
68,174,-69,62
68,180,-68,76
68,186,-72,111
69,191,-73,100
69,197,-73,104
69,202,-73,58
70,208,-74,68
70,214,-75,57
70,220,-79,52
60,39,-103,17
61,46,-92,24
61,52,-93,20
62,58,-90,23
62,63,-95,40
62,69,-101,86
62,75,-98,130
63,80,-94,125
63,86,-90,120
64,92,-86,114
64,98,-81,113
65,103,-79,168
65,109,-79,184
65,114,-80,142
65,120,-85,155
66,126,-85,161
66,131,-85,99
67,137,-81,109
67,142,-78,109
68,148,-75,118
68,153,-74,158
68,159,-74,141
69,165,-73,117
69,170,-70,91
70,175,-66,51
70,181,-68,93
70,187,-73,97
70,192,-70,96
71,198,-71,90
71,204,-72,63
71,209,-72,73
71,215,-73,74
62,39,-98,17
62,45,-92,23
62,51,-93,20
63,56,-90,24
63,62,-97,36
63,67,-101,87
63,73,-98,131
64,79,-94,129
65,85,-90,128
65,90,-86,121
66,96,-82,112
66,102,-79,149
67,107,-78,187
67,113,-79,161
67,119,-83,134
67,124,-84,175
67,130,-84,125
68,135,-80,98
69,141,-76,103
69,146,-74,103
69,152,-73,142
70,158,-73,122
70,163,-73,113
71,169,-69,91
71,174,-65,50
71,179,-65,89
71,185,-70,91
72,191,-66,76
72,196,-69,87
72,202,-70,79
73,208,-71,75
73,213,-71,72
73,219,-74,59
61,33,-116,15
63,40,-94,18
63,46,-99,17
64,52,-94,21
64,58,-93,32
64,63,-103,61
64,69,-101,111
65,74,-96,129
66,80,-93,127
66,86,-88,130
67,92,-84,123
67,98,-80,117
68,103,-78,162
68,109,-77,190
68,114,-78,155
68,120,-83,129
69,126,-84,198
69,131,-83,112
70,137,-76,90
70,142,-73,92
71,148,-71,101
71,153,-65,84
71,159,-71,110
72,164,-70,102
72,170,-66,72
73,175,-63,56
73,181,-64,92
73,186,-67,63
74,192,-64,80
74,198,-68,98
74,203,-69,81
74,209,-68,62
74,214,-70,75
75,220,-72,45
64,39,-96,18
65,45,-93,18
65,50,-94,21
66,56,-92,32
65,61,-104,66
66,67,-101,109
66,73,-97,124
67,79,-93,125
67,85,-89,127
68,90,-85,126
69,96,-81,120
69,102,-78,148
69,107,-77,175
70,113,-77,159
70,118,-79,132
70,124,-84,135
70,130,-83,111
71,135,-73,87
72,141,-70,88
72,146,-66,82
73,151,-58,76
73,157,-62,85
73,163,-69,99
74,168,-65,73
74,173,-61,52
74,179,-61,85
74,185,-65,69
75,190,-60,76
75,196,-66,95
75,202,-68,100
76,207,-67,73
76,213,-67,69
76,219,-69,62
66,39,-94,17
66,44,-97,18
67,50,-91,22
66,55,-103,29
67,61,-104,51
67,67,-100,112
68,73,-96,118
68,79,-92,127
69,85,-88,129
69,90,-84,127
70,96,-80,118
71,102,-77,148
71,107,-76,169
71,113,-76,157
72,118,-76,134
72,124,-81,108
72,130,-77,95
73,135,-69,86
73,140,-65,81
74,146,-59,73
75,151,-55,88
75,157,-61,85
74,163,-68,93
75,168,-63,64
76,173,-59,49
76,179,-60,98
76,185,-63,63
76,190,-58,74
76,196,-65,100
77,201,-67,106
77,207,-65,86
77,213,-65,88
77,218,-68,52
68,38,-92,17
68,43,-97,19
68,49,-92,20
68,54,-104,27
68,60,-104,49
69,66,-100,106
69,71,-96,128
70,77,-92,132
70,83,-88,128
71,89,-84,122
71,95,-80,121
72,100,-77,130
72,106,-75,183
73,111,-75,166
73,117,-75,143
73,122,-73,110
74,128,-69,92
74,133,-65,85
75,139,-62,78
76,144,-56,77
76,150,-52,96
76,155,-60,53
76,161,-65,81
76,166,-63,71
77,172,-59,69
77,177,-57,91
77,183,-62,77
78,188,-57,82
78,194,-62,87
78,200,-66,113
78,205,-64,91
79,211,-64,84
79,217,-65,67
68,32,-101,18
69,40,-92,26
69,47,-93,20
69,54,-104,30
69,60,-104,71
70,65,-100,114
71,71,-95,119
71,77,-91,127
72,83,-88,122
72,89,-84,121
73,94,-80,122
73,100,-76,135
74,106,-75,171
74,111,-74,175
74,117,-74,142
75,122,-70,105
75,128,-65,88
76,133,-62,81
76,139,-57,80
77,144,-51,77
78,149,-49,95
77,155,-61,54
77,161,-64,87
78,166,-61,65
78,172,-58,54
79,177,-56,103
79,183,-61,65
79,188,-55,81
79,194,-61,87
79,200,-65,106
80,205,-63,83
80,211,-62,83
80,216,-64,90
70,36,-89,16
71,42,-92,18
71,49,-94,20
71,54,-103,30
71,59,-104,86
72,65,-99,108
72,71,-95,120
73,77,-91,117
73,83,-87,117
74,89,-83,118
74,94,-79,118
75,100,-76,140
75,106,-74,163
75,111,-74,164
76,117,-73,147
76,122,-69,103
77,128,-63,90
77,133,-59,86
78,139,-55,86
79,144,-49,85
79,149,-47,96
78,155,-63,60
79,161,-62,84
79,166,-59,59
80,172,-56,54
80,177,-55,101
80,183,-59,53
81,188,-54,87
81,194,-60,77
81,200,-64,90
81,205,-61,76
82,210,-61,99
82,216,-63,113
72,36,-92,17
72,44,-98,18
72,51,-105,23
72,56,-105,55
73,62,-101,100
73,68,-96,117
74,74,-92,119
74,80,-88,111
75,86,-84,125
75,92,-80,117
76,97,-76,134
76,103,-74,148
77,108,-74,165
77,114,-73,151
77,119,-71,122
78,125,-65,91
79,130,-60,87
79,136,-55,87
80,141,-50,88
80,146,-45,125
80,152,-48,89
80,158,-61,100
81,163,-59,53
81,169,-56,58
81,174,-54,103
82,180,-55,86
82,185,-54,79
82,190,-53,77
82,197,-62,71
83,202,-59,69
83,207,-60,70
83,213,-60,87
83,219,-65,96
73,40,-96,17
73,49,-102,23
73,55,-106,58
74,61,-102,107
75,67,-97,109
75,73,-92,120
76,79,-88,113
76,84,-85,124
77,90,-80,115
77,96,-77,123
78,101,-74,147
78,107,-73,165
78,112,-73,135
79,118,-71,119
79,124,-66,92
80,129,-60,84
80,134,-55,89
81,140,-50,88
82,145,-45,129
82,150,-45,113
81,156,-62,71
82,162,-57,56
82,167,-56,71
83,173,-53,73
83,178,-54,95
83,184,-54,74
84,189,-52,90
84,195,-61,65
84,200,-59,78
84,206,-58,68
85,212,-60,101
85,217,-62,82
75,37,-92,17
75,43,-96,17
75,48,-102,21
75,53,-106,43
75,59,-103,103
76,65,-97,107
76,71,-93,113
77,77,-89,114
77,83,-85,121
78,89,-81,109
79,94,-77,123
79,100,-74,145
79,105,-73,171
80,111,-73,141
80,117,-72,115
81,122,-67,80
81,128,-61,84
82,133,-56,86
82,138,-50,83
83,144,-45,111
83,149,-44,141
83,155,-52,49
83,160,-56,78
84,166,-55,81
84,171,-53,73
84,177,-52,96
84,182,-56,58
85,187,-51,106
85,193,-57,56
85,199,-58,85
86,204,-57,70
86,210,-58,88
86,216,-60,78
76,38,-99,16
76,44,-97,20
76,49,-107,24
76,55,-106,76
77,61,-101,97
77,67,-96,105
78,73,-91,122
79,78,-87,117
79,84,-83,116
80,90,-79,110
80,96,-75,142
80,101,-73,155
81,107,-73,165
81,112,-73,125
81,118,-72,92
82,123,-66,70
83,129,-60,71
83,134,-54,85
84,140,-48,79
84,145,-43,132
85,150,-43,129
85,156,-51,67
85,162,-54,68
85,167,-54,95
86,172,-52,72
86,178,-52,87
86,183,-53,80
86,189,-51,99
86,195,-59,45
87,200,-57,80
87,206,-56,68
87,211,-57,69
88,217,-59,65
77,35,-94,18
78,44,-97,21
77,49,-106,25
78,55,-106,84
78,61,-101,102
79,67,-95,102
79,73,-91,115
80,78,-87,111
80,84,-83,112
81,90,-78,111
82,96,-75,150
82,101,-73,156
82,107,-73,154
83,112,-73,122
83,118,-72,85
83,123,-65,61
84,129,-60,62
85,134,-54,77
85,139,-47,75
86,145,-43,124
86,150,-43,142
86,156,-48,69
86,161,-53,104
86,167,-53,70
87,172,-51,73
87,178,-51,82
87,183,-52,79
88,189,-50,90
88,195,-58,51
88,200,-56,86
89,205,-55,61
89,211,-55,55
89,217,-57,69
78,37,-108,15
79,44,-98,19
79,49,-110,27
79,55,-106,80
80,61,-100,103
80,67,-95,101
81,72,-90,117
81,78,-87,115
82,84,-82,107
82,90,-78,104
83,95,-74,144
83,101,-73,156
84,107,-73,144
84,112,-74,131
84,118,-72,73
85,123,-63,55
85,129,-62,53
86,134,-55,57
87,139,-47,75
87,145,-43,122
87,150,-43,136
88,156,-47,73
88,161,-53,111
88,167,-53,65
88,172,-51,76
89,178,-50,85
89,183,-52,80
89,188,-49,95
89,194,-57,39
90,200,-55,72
90,205,-54,67
90,211,-55,76
90,216,-56,60
80,38,-102,16
80,43,-100,19
80,48,-111,28
81,55,-106,83
81,61,-100,98
82,67,-95,102
82,72,-90,113
83,78,-86,114
83,84,-82,98
84,90,-77,101
84,95,-74,147
85,101,-72,157
85,107,-72,143
85,112,-74,117
86,118,-73,74
86,123,-67,56
87,129,-63,45
87,134,-56,48
88,139,-47,69
88,145,-43,104
89,150,-43,105
89,156,-47,76
89,161,-52,114
89,167,-53,88
90,172,-50,68
90,177,-50,85
90,183,-51,82
91,188,-49,86
91,194,-56,43
91,200,-54,72
91,205,-54,84
92,211,-55,61
92,216,-56,48
81,35,-97,16
82,46,-104,20
82,51,-110,57
82,57,-103,99
83,64,-97,76
84,69,-92,100
84,75,-88,110
84,81,-84,118
85,87,-79,105
86,92,-75,122
86,98,-73,155
86,104,-72,158
87,109,-73,127
87,115,-74,100
87,120,-75,105
88,126,-66,52
88,131,-61,44
89,137,-52,51
90,142,-45,71
90,147,-43,80
90,153,-44,67
90,158,-50,75
90,164,-52,63
91,169,-51,52
91,175,-49,98
91,181,-57,82
92,185,-48,114
92,191,-51,59
92,197,-55,97
93,202,-54,75
93,208,-53,56
93,213,-55,53
93,219,-57,60
82,36,-106,16
83,42,-103,17
83,47,-114,24
83,53,-108,70
84,59,-101,94
85,65,-95,93
85,71,-90,102
86,77,-86,117
86,82,-82,106
87,88,-77,101
87,94,-74,130
87,99,-72,159
88,105,-72,127
88,111,-73,112
88,116,-76,147
88,122,-76,126
89,127,-67,55
90,133,-61,47
90,138,-51,46
91,143,-44,73
91,149,-44,66
92,154,-47,44
92,160,-51,101
92,165,-51,57
92,170,-49,53
93,176,-49,82
93,181,-51,74
93,187,-47,110
93,193,-54,48
94,198,-54,86
94,203,-52,77
94,209,-53,62
95,215,-55,64
84,37,-105,17
84,43,-107,17
84,48,-114,31
85,54,-107,84
86,60,-100,83
86,66,-94,95
87,72,-89,111
87,78,-85,109
88,84,-81,106
88,90,-76,98
89,95,-73,144
89,101,-71,161
89,106,-72,111
89,112,-74,128
90,117,-76,157
90,123,-75,133
91,128,-68,60
91,134,-61,49
92,139,-50,41
92,144,-45,67
93,150,-45,19
93,155,-49,55
93,161,-52,76
93,166,-51,72
94,172,-48,94
94,177,-50,73
94,183,-48,80
95,188,-47,78
95,194,-55,60
95,199,-53,109
96,205,-51,68
96,210,-52,78
96,216,-55,80
85,34,-105,17
86,43,-95,19
86,48,-115,32
86,54,-107,81
87,60,-100,84
88,66,-93,93
88,72,-88,105
89,78,-84,107
89,84,-80,103
89,89,-76,99
90,95,-73,148
90,101,-71,146
91,106,-72,106
91,112,-74,151
91,117,-75,157
91,123,-76,127
92,128,-69,57
92,134,-63,60
93,139,-52,41
94,144,-46,62
94,150,-49,24
94,155,-49,56
94,161,-52,67
95,166,-50,60
95,172,-48,110
95,177,-50,75
96,182,-48,83
96,188,-47,75
96,194,-54,71
97,199,-52,84
97,205,-51,96
97,210,-51,91
97,216,-55,79
87,34,-108,16
87,42,-101,18
87,46,-117,24
88,53,-109,63
88,59,-101,80
89,65,-94,87
89,71,-89,105
90,76,-85,105
90,82,-81,95
91,88,-77,99
91,94,-73,131
92,99,-71,151
92,105,-71,97
92,110,-74,140
92,116,-74,159
93,121,-76,119
93,127,-72,103
94,132,-66,67
94,138,-59,45
95,143,-48,44
95,148,-48,58
95,154,-51,50
96,159,-51,64
96,165,-51,61
96,170,-48,73
97,176,-48,82
97,181,-49,73
97,186,-47,94
97,192,-53,53
98,198,-51,99
98,203,-51,94
98,209,-51,75
99,214,-54,96
99,220,-59,90
88,34,-108,17
88,39,-113,17
88,45,-117,20
89,51,-112,52
89,57,-103,79
90,63,-96,81
91,69,-90,99
91,75,-86,102
92,81,-82,96
92,86,-78,92
93,92,-74,125
93,98,-71,156
93,103,-71,94
93,109,-73,135
94,114,-74,167
94,120,-75,100
94,125,-74,97
95,131,-68,79
95,136,-63,60
96,142,-52,35
97,147,-48,74
97,153,-54,97
97,158,-52,66
97,163,-51,50
98,169,-49,46
98,174,-48,90
98,180,-50,61
99,185,-47,99
99,191,-52,50
99,196,-52,93
99,202,-51,85
100,207,-50,71
100,213,-52,83
100,219,-57,70
89,31,-120,16
90,39,-108,16
90,48,-117,28
91,54,-107,63
91,60,-99,77
92,66,-93,86
92,72,-88,102
93,78,-84,102
93,84,-80,98
94,89,-75,98
94,95,-72,143
95,100,-70,110
95,106,-71,87
95,112,-73,165
95,117,-74,101
96,123,-76,85
96,128,-71,94
96,134,-66,83
97,139,-61,62
98,144,-50,43
98,150,-51,91
98,155,-53,85
98,161,-52,52
99,166,-50,47
99,171,-47,80
99,177,-51,61
100,182,-47,72
100,188,-47,68
100,194,-53,70
101,199,-51,101
101,204,-50,74
101,210,-50,71
102,216,-53,78
91,36,-119,16
91,44,-111,21
91,49,-116,35
92,55,-105,66
93,62,-97,76
93,68,-91,90
94,73,-87,93
94,79,-83,95
95,85,-79,92
95,91,-74,109
96,96,-71,144
96,102,-69,101
96,107,-72,122
96,113,-72,157
97,118,-74,106
97,124,-73,84
98,129,-69,95
98,135,-66,92
98,140,-61,74
99,146,-51,43
99,151,-52,95
100,157,-54,54
100,162,-52,45
100,167,-49,55
101,173,-47,79
101,178,-55,53
101,183,-46,71
102,189,-50,59
102,195,-52,83
102,200,-50,86
102,206,-50,81
103,211,-49,70
103,217,-54,73
94,34,-51,16
93,42,-112,18
93,47,-120,24
93,54,-108,49
94,60,-99,65
95,66,-93,78
95,72,-88,98
96,78,-84,101
96,83,-80,95
96,89,-75,101
97,95,-72,137
97,100,-69,102
98,106,-71,100
98,111,-72,163
98,117,-73,99
98,122,-74,103
99,128,-70,103
99,133,-67,107
100,139,-63,90
100,144,-57,54
101,150,-52,59
101,155,-54,51
101,161,-53,47
102,166,-50,48
102,171,-48,87
102,177,-50,61
103,182,-47,67
103,188,-48,65
103,193,-52,62
103,199,-50,69
104,204,-49,73
104,209,-49,74
104,215,-51,73
95,35,-84,17
94,39,-109,17
94,46,-119,22
95,52,-112,45
95,58,-102,59
96,64,-94,74
96,70,-89,89
97,76,-85,90
97,82,-81,87
98,88,-76,93
98,93,-72,118
99,99,-70,118
99,104,-71,77
99,110,-72,152
99,115,-73,92
100,121,-73,182
100,127,-70,102
100,132,-67,96
101,137,-64,100
101,143,-60,103
102,148,-54,30
102,154,-55,44
102,159,-54,61
103,164,-51,48
103,170,-48,72
103,175,-49,71
104,181,-48,58
104,186,-47,70
104,192,-53,83
105,197,-51,71
105,203,-49,89
105,208,-49,93
106,214,-50,74
106,220,-58,53
97,37,-46,16
96,40,-82,17
96,46,-118,20
96,52,-113,41
97,58,-102,49
97,64,-94,69
98,70,-89,85
98,76,-85,86
99,82,-81,86
99,88,-76,91
100,93,-72,113
100,99,-69,112
100,104,-70,80
101,110,-71,144
101,115,-73,67
101,121,-72,201
102,126,-69,103
102,132,-67,117
102,137,-64,114
103,143,-61,113
103,148,-57,93
103,154,-57,86
104,159,-55,68
104,164,-51,47
105,170,-48,69
105,175,-49,76
105,181,-48,61
105,186,-48,69
106,192,-53,83
106,197,-51,62
106,202,-49,80
107,208,-49,74
107,214,-50,67
107,220,-57,46
99,37,-26,16
98,39,-70,16
97,45,-111,17
97,50,-117,29
98,57,-105,44
99,63,-96,62
99,69,-90,78
100,75,-86,84
100,80,-82,83
100,86,-78,81
101,92,-73,103
101,97,-70,126
102,103,-69,102
102,108,-70,146
102,114,-71,77
102,119,-72,81
103,125,-69,114
103,131,-67,156
104,136,-65,118
104,141,-61,110
104,147,-59,143
105,152,-58,104
105,158,-56,90
105,163,-52,54
106,168,-49,52
106,174,-49,79
106,179,-50,52
107,185,-48,75
107,190,-53,85
107,196,-52,62
108,201,-49,77
108,206,-49,98
108,212,-50,65
108,218,-54,70
98,32,-106,17
99,50,-117,23
99,56,-106,41
100,63,-96,63
100,69,-91,72
101,74,-87,82
101,80,-83,80
102,86,-78,79
102,92,-73,93
103,97,-70,119
103,103,-69,87
103,108,-70,141
104,114,-72,125
104,119,-70,61
104,125,-68,127
105,130,-67,151
105,136,-64,115
105,141,-61,116
106,147,-59,148
106,152,-58,121
106,158,-56,91
107,163,-53,66
107,168,-50,66
107,174,-49,79
108,179,-51,46
108,185,-48,72
108,190,-53,96
109,196,-52,72
109,201,-49,87
109,206,-49,91
110,212,-50,77
110,218,-55,45
99,30,-117,17
99,37,-117,16
100,48,-108,17
100,53,-113,24
101,59,-101,44
102,66,-94,65
102,71,-89,79
103,77,-85,82
103,83,-81,78
103,89,-76,84
104,94,-71,110
104,100,-68,102
104,105,-70,142
105,111,-69,114
105,117,-70,44
106,123,-68,126
106,129,-67,122
106,134,-65,94
107,140,-62,116
107,145,-60,126
107,151,-59,135
108,156,-57,103
108,162,-54,66
108,167,-50,64
109,172,-49,90
109,178,-52,63
109,183,-49,75
110,189,-52,101
110,194,-53,56
110,200,-50,56
111,205,-49,88
111,211,-50,73
111,216,-54,78
101,32,-109,16
102,43,-86,16
102,47,-109,18
102,53,-111,20
103,59,-103,39
103,65,-94,62
104,71,-89,76
104,77,-85,80
104,83,-81,80
105,89,-76,79
105,94,-72,111
106,100,-68,78
106,105,-70,144
106,111,-69,104
106,116,-71,30
107,122,-68,96
107,128,-67,122
107,133,-66,138
108,138,-62,111
108,144,-60,120
109,149,-58,139
109,155,-58,124
109,160,-55,83
110,165,-51,57
110,171,-50,90
110,176,-51,63
111,182,-50,68
111,187,-52,92
111,193,-53,62
112,198,-51,76
112,204,-50,79
112,209,-50,78
112,215,-53,60
102,32,-103,17
102,36,-123,17
103,45,-119,16
103,52,-106,17
104,59,-104,21
104,65,-96,51
105,71,-90,73
105,77,-86,76
106,83,-82,80
106,89,-77,71
107,94,-72,102
107,100,-68,86
107,105,-70,136
108,111,-69,93
108,116,-70,46
108,122,-68,96
109,127,-67,125
109,133,-66,131
109,138,-62,110
110,144,-59,125
110,149,-58,130
110,155,-58,147
111,160,-55,84
111,165,-52,61
111,171,-51,87
112,176,-52,65
112,182,-51,73
112,187,-52,96
113,193,-53,58
113,198,-51,58
113,204,-50,76
114,209,-50,81
114,215,-53,55
104,32,-104,18
104,38,-112,16
105,47,-112,16
105,53,-106,17
106,61,-99,20
106,67,-95,37
106,73,-89,70
107,78,-85,77
107,84,-81,79
108,90,-76,74
108,96,-71,98
108,101,-68,70
109,107,-69,120
109,112,-69,55
109,118,-69,44
110,123,-67,103
110,129,-67,116
110,134,-65,102
111,140,-61,110
111,145,-59,117
111,151,-57,128
112,156,-57,140
112,161,-55,80
112,167,-52,65
113,172,-51,94
113,178,-53,91
113,183,-51,83
114,189,-53,95
114,194,-53,60
114,199,-51,78
115,205,-50,73
115,210,-51,76
115,216,-57,35
105,35,-124,18
106,47,-106,16
107,58,-103,18
107,64,-97,26
108,70,-92,46
108,75,-88,67
108,81,-84,80
109,87,-79,78
109,93,-74,87
110,98,-69,92
110,104,-70,137
110,109,-69,111
111,115,-69,54
111,120,-68,116
111,126,-67,108
112,131,-66,121
112,137,-63,94
112,142,-60,118
113,148,-58,116
113,153,-57,131
113,159,-57,127
114,164,-53,65
114,169,-51,76
114,175,-53,116
115,180,-53,83
115,186,-53,93
115,191,-53,66
116,197,-52,67
116,202,-51,56
116,208,-51,52
116,213,-54,81
117,220,-65,30
106,34,-124,18
108,48,-104,17
108,55,-104,19
108,62,-101,33
109,68,-94,39
109,74,-90,62
110,80,-85,71
110,85,-80,91
111,91,-75,74
111,97,-70,99
111,102,-70,104
112,108,-69,106
112,113,-70,78
112,119,-69,144
113,124,-67,115
113,130,-66,118
113,135,-64,100
114,141,-60,112
114,146,-58,114
114,152,-57,111
115,157,-57,119
115,163,-55,89
115,168,-52,62
116,173,-53,107
116,179,-54,112
116,184,-53,88
116,190,-54,84
117,195,-53,82
117,201,-52,45
117,206,-51,73
118,212,-53,65
118,218,-61,39
110,47,-73,16
109,53,-112,16
110,59,-105,18
110,65,-98,37
110,71,-93,57
111,77,-88,65
111,82,-83,79
112,88,-79,72
112,94,-74,86
112,100,-69,71
113,105,-70,109
113,111,-69,91
113,116,-70,107
114,122,-68,78
114,127,-67,113
114,133,-65,109
115,138,-62,95
115,143,-59,116
115,149,-57,116
116,154,-57,113
116,160,-56,120
116,165,-54,68
117,171,-52,72
117,176,-53,111
117,182,-53,99
118,187,-54,79
118,193,-53,60
118,198,-53,58
119,203,-51,61
119,209,-53,50
119,215,-58,25
110,41,-114,16
111,50,-104,18
111,59,-104,19
111,65,-100,38
112,71,-94,42
112,77,-89,54
113,82,-84,67
113,88,-79,69
113,94,-75,75
114,99,-69,76
114,105,-70,110
114,110,-69,99
115,116,-71,89
115,122,-68,82
115,127,-67,106
116,133,-65,104
116,138,-62,92
116,143,-59,111
117,149,-57,105
117,154,-57,114
117,160,-56,117
118,165,-54,87
118,171,-53,68
118,176,-53,109
119,182,-54,91
119,187,-54,78
119,192,-53,68
120,198,-53,67
120,203,-52,65
120,209,-54,41
121,215,-60,31
111,36,-127,18
112,45,-113,17
112,52,-104,18
112,57,-104,19
113,63,-101,22
113,69,-96,49
114,75,-91,46
114,81,-86,67
114,87,-81,71
115,92,-77,63
115,98,-71,81
115,103,-70,106
116,109,-70,87
116,115,-71,63
116,120,-69,72
117,126,-68,97
117,131,-66,93
117,137,-62,95
118,142,-60,102
118,147,-58,107
118,153,-57,101
119,158,-57,113
119,164,-56,108
119,169,-54,70
120,175,-54,100
120,180,-53,86
120,186,-54,76
121,191,-54,68
121,197,-54,59
121,202,-53,46
122,208,-54,41
122,213,-59,42
122,220,-72,29
113,43,-107,17
114,52,-101,18
114,57,-106,17
114,63,-101,25
115,69,-97,45
115,75,-92,57
115,81,-87,66
116,86,-82,67
116,92,-78,63
117,98,-72,76
117,103,-71,99
117,109,-70,78
117,114,-71,60
118,120,-70,61
118,126,-68,95
118,131,-66,87
119,136,-63,90
119,142,-60,103
119,147,-58,108
120,153,-57,91
120,158,-57,104
120,164,-56,112
121,169,-54,70
121,175,-54,109
121,180,-54,86
122,185,-54,74
122,191,-54,63
122,197,-55,59
123,202,-55,49
123,208,-55,40
123,213,-60,34
123,220,-75,29
114,44,-122,16
115,51,-104,17
115,57,-112,16
116,63,-102,21
116,69,-98,39
116,75,-93,57
117,81,-88,62
117,86,-83,62
117,92,-79,58
118,98,-73,70
118,103,-71,90
119,109,-71,78
119,114,-71,53
119,120,-71,51
119,125,-68,94
120,131,-66,88
120,136,-63,94
120,142,-60,89
121,147,-58,103
121,153,-58,86
121,158,-57,102
122,164,-57,102
122,169,-55,69
122,175,-55,89
123,180,-54,79
123,185,-54,72
123,191,-55,64
124,196,-55,66
124,202,-56,52
124,208,-57,37
125,214,-62,24
116,48,-111,17
117,54,-101,27
117,63,-102,18
117,69,-98,32
118,75,-94,56
118,80,-89,58
119,86,-84,58
119,92,-80,60
119,98,-74,59
120,103,-72,83
120,109,-71,73
120,114,-72,65
121,120,-72,51
121,125,-69,88
121,131,-67,81
122,136,-63,97
122,142,-61,86
122,147,-59,86
123,153,-58,94
123,158,-58,97
123,164,-57,96
123,169,-56,82
124,174,-56,94
124,180,-55,92
124,185,-54,67
125,191,-55,49
125,196,-56,87
125,202,-57,42
126,208,-59,31
126,214,-64,25
118,52,-109,16
118,58,-107,17
119,64,-101,18
119,70,-98,32
119,76,-94,52
120,82,-88,54
120,88,-84,55
120,93,-80,55
121,99,-74,50
121,105,-72,90
121,110,-72,74
122,116,-74,75
122,121,-72,66
122,127,-69,83
123,132,-66,86
123,138,-63,91
123,143,-61,84
124,149,-59,90
124,154,-59,86
124,159,-59,89
125,165,-58,93
125,170,-57,87
125,176,-56,86
126,181,-55,90
126,187,-56,64
126,192,-57,52
126,198,-58,63
127,203,-58,40
127,209,-62,32
127,215,-69,29
120,57,-99,31
120,63,-107,17
120,69,-99,25
121,74,-96,42
121,80,-91,50
121,86,-86,52
122,92,-82,52
122,97,-78,38
122,103,-74,68
123,109,-73,83
123,114,-74,62
123,120,-74,62
124,125,-71,69
124,131,-68,86
124,136,-64,93
125,142,-62,86
125,147,-60,78
125,153,-60,86
126,158,-59,83
126,164,-59,83
126,169,-58,86
126,174,-57,82
127,180,-57,73
127,185,-56,45
127,191,-58,64
128,196,-58,55
128,202,-59,57
128,208,-62,35
129,214,-68,30
120,49,-119,17
121,57,-100,31
121,63,-101,19
122,69,-99,21
122,74,-96,30
122,80,-92,47
123,86,-88,46
123,92,-84,53
123,97,-80,40
124,103,-75,58
124,109,-74,80
124,114,-75,77
125,120,-75,65
125,125,-72,70
125,131,-69,90
126,136,-64,92
126,142,-62,87
126,147,-61,83
127,153,-60,87
127,158,-60,78
127,164,-60,79
128,169,-59,77
128,174,-59,72
128,180,-58,66
128,185,-57,45
129,191,-59,53
129,197,-60,47
129,202,-61,47
130,208,-64,37
130,214,-72,28
121,31,-55,16
122,55,-118,16
123,61,-100,17
123,67,-102,17
123,73,-97,28
124,79,-95,34
124,84,-91,39
124,90,-87,45
125,96,-83,49
125,101,-78,34
125,107,-76,70
126,113,-76,90
126,118,-77,76
126,124,-74,79
127,129,-70,89
127,135,-65,88
127,140,-63,95
128,146,-62,85
128,151,-61,84
128,157,-61,79
128,162,-61,80
129,168,-61,74
129,173,-60,62
129,178,-59,55
130,184,-59,55
130,190,-60,40
130,195,-61,55
131,201,-62,47
131,206,-64,46
131,213,-71,26
132,220,-88,32
123,50,-115,17
124,57,-105,16
124,64,-100,17
125,70,-100,18
125,76,-95,33
125,81,-94,26
126,87,-90,37
126,93,-86,41
126,99,-83,44
127,104,-78,40
127,110,-77,81
127,115,-77,90
127,121,-76,89
128,126,-73,93
128,132,-68,90
128,137,-65,96
129,143,-63,95
129,148,-62,77
129,154,-62,72
130,159,-62,77
130,165,-62,82
130,170,-62,75
131,176,-61,69
131,181,-60,57
131,187,-61,42
132,192,-62,49
132,198,-63,53
132,204,-64,47
133,210,-69,30
133,217,-84,29
125,58,-101,16
126,64,-92,17
126,71,-96,17
126,77,-95,19
127,83,-95,23
127,88,-90,39
127,94,-87,44
128,100,-84,43
128,105,-79,40
128,111,-78,68
129,117,-78,83
129,122,-76,94
129,128,-72,97
130,133,-67,90
130,139,-65,94
130,144,-63,95
131,150,-63,80
131,155,-63,77
131,161,-63,75
131,166,-63,79
132,172,-63,66
132,177,-62,52
132,183,-62,52
133,188,-62,54
133,194,-63,42
133,199,-65,45
134,205,-67,30
134,211,-75,25
134,219,-90,33
126,50,-117,16
127,63,-97,27
127,68,-97,17
128,74,-92,17
128,81,-93,23
128,87,-92,42
129,93,-89,55
129,98,-86,50
129,104,-82,40
130,110,-80,53
130,115,-79,83
130,121,-77,90
131,126,-74,97
131,132,-69,85
131,137,-66,85
132,143,-64,90
132,148,-64,83
132,154,-64,79
132,159,-64,79
133,165,-64,78
133,170,-64,63
133,176,-64,57
134,181,-64,50
134,187,-64,45
134,192,-64,48
135,198,-66,39
135,204,-67,37
135,210,-75,25
136,217,-91,26
128,53,-91,16
128,61,-102,17
129,68,-97,17
129,74,-90,17
129,81,-92,25
130,87,-93,40
130,93,-91,52
130,98,-87,51
131,104,-84,37
131,110,-81,47
131,115,-80,68
132,121,-78,81
132,126,-75,89
132,132,-70,81
133,137,-67,86
133,143,-65,82
133,148,-65,71
134,154,-65,79
134,159,-65,84
134,165,-66,71
134,170,-65,57
135,176,-65,46
135,181,-65,49
135,187,-65,45
136,192,-65,42
136,198,-67,44
136,204,-69,32
137,210,-77,24
137,217,-95,24
129,48,-123,18
130,59,-107,16
130,65,-96,18
130,71,-96,16
131,77,-92,19
131,83,-91,26
131,88,-92,37
132,94,-91,51
132,100,-88,48
132,105,-85,42
132,111,-82,49
133,116,-81,66
133,122,-78,78
133,128,-74,83
134,133,-70,74
134,139,-67,84
134,144,-66,74
135,150,-66,76
135,155,-66,78
135,161,-67,73
136,166,-67,62
136,172,-67,47
136,177,-66,44
137,183,-66,47
137,188,-66,41
137,194,-67,68
138,200,-69,38
138,205,-72,28
138,212,-87,20
139,219,-101,25
131,52,-97,17
132,68,-99,17
132,77,-94,19
132,82,-92,22
133,88,-90,33
133,94,-90,39
133,99,-89,41
134,105,-87,50
134,111,-84,47
134,116,-82,57
134,122,-79,68
135,127,-75,77
135,133,-71,73
135,138,-68,74
136,144,-67,71
136,149,-67,72
136,155,-67,78
137,161,-68,68
137,166,-68,64
137,172,-68,57
138,177,-68,48
138,183,-68,40
138,188,-68,37
139,194,-69,44
139,200,-71,36
139,206,-76,25
140,213,-94,20
140,219,-103,30
132,54,-91,16
133,65,-109,16
133,73,-85,17
134,79,-94,19
134,85,-90,19
134,91,-89,25
135,97,-90,37
135,102,-88,47
135,108,-85,49
135,113,-83,46
136,119,-82,53
136,125,-79,60
136,130,-74,66
137,136,-71,68
137,141,-69,69
137,147,-68,71
138,152,-69,71
138,158,-69,70
138,163,-69,60
139,169,-69,56
139,174,-69,47
139,180,-69,46
139,186,-69,43
140,191,-70,45
140,197,-71,33
140,203,-75,33
141,209,-87,20
141,217,-103,29
132,31,-3,16
134,66,-99,17
135,73,-71,16
135,78,-93,18
135,87,-84,20
136,92,-85,24
136,98,-85,29
136,104,-86,40
137,109,-84,55
137,115,-84,52
137,120,-83,46
138,126,-79,53
138,131,-74,56
138,137,-71,61
138,142,-70,62
139,148,-70,65
139,154,-70,68
139,159,-70,54
140,165,-71,56
140,170,-71,40
140,176,-71,47
141,181,-71,36
141,187,-71,38
141,193,-72,37
142,198,-74,31
142,205,-82,22
143,213,-102,19
143,220,-107,43
136,68,-130,17
136,78,-101,17
137,84,-91,21
137,89,-85,21
137,95,-85,24
138,101,-85,38
138,106,-88,40
138,112,-86,44
138,118,-85,36
139,123,-83,44
139,129,-78,47
139,134,-74,53
140,140,-72,58
140,145,-71,50
140,151,-72,59
141,156,-72,58
141,162,-72,53
141,167,-72,43
142,173,-73,36
142,179,-73,40
142,184,-72,43
143,190,-73,36
143,196,-75,33
143,202,-80,23
144,209,-100,19
144,215,-108,33
138,73,-105,16
138,84,-93,17
138,89,-89,21
139,95,-86,25
139,101,-85,32
139,106,-86,34
140,112,-84,35
140,117,-86,44
140,123,-85,37
140,129,-81,43
141,134,-76,43
141,140,-74,49
141,145,-74,48
142,151,-74,46
142,156,-74,42
142,162,-74,50
143,167,-75,31
143,173,-75,31
143,179,-75,38
144,184,-74,38
144,190,-76,34
144,196,-77,27
145,202,-83,24
145,209,-106,17
146,215,-109,42
139,82,-93,16
140,89,-88,18
140,95,-85,21
140,101,-83,25
141,106,-84,30
141,112,-86,46
141,117,-89,41
142,123,-88,35
142,129,-83,41
142,134,-79,41
142,140,-77,41
143,145,-76,35
143,151,-76,39
143,156,-76,39
144,162,-76,33
144,168,-77,30
144,173,-77,35
145,179,-77,35
145,184,-76,27
145,190,-78,26
146,196,-80,27
146,202,-85,20
147,211,-109,21
147,217,-111,46
141,81,-92,17
141,88,-88,17
141,93,-84,19
142,99,-82,22
142,105,-84,27
142,110,-89,31
143,116,-92,36
143,122,-90,32
143,127,-87,32
144,133,-83,39
144,138,-80,37
144,144,-79,33
144,149,-79,33
145,155,-79,31
145,161,-79,28
145,166,-79,31
146,172,-78,33
146,177,-79,39
146,183,-79,31
147,189,-80,26
147,194,-83,21
147,201,-92,18
148,211,-111,30
149,217,-112,45
141,53,-128,17
142,79,-84,17
142,86,-88,17
143,92,-85,18
143,98,-83,22
143,103,-85,30
144,109,-87,31
144,114,-92,44
144,120,-93,32
145,126,-91,32
145,131,-87,34
145,137,-83,34
145,142,-82,32
146,148,-82,33
146,154,-82,27
146,159,-82,28
147,165,-82,26
147,170,-82,28
147,176,-82,28
148,182,-82,27
148,187,-82,21
148,193,-82,23
149,205,-114,17
150,211,-113,38
150,217,-113,45
143,76,-106,17
144,88,-89,17
144,93,-87,18
144,99,-85,24
145,105,-86,46
145,110,-89,26
146,116,-94,41
146,121,-94,30
146,127,-93,32
146,133,-89,30
147,138,-86,28
147,144,-85,29
147,149,-85,32
148,155,-85,32
148,161,-85,25
148,166,-85,26
149,172,-85,24
149,178,-85,31
149,183,-86,23
150,189,-86,20
150,195,-91,17
151,208,-115,23
151,214,-115,40
152,220,-114,59
145,78,-107,17
145,86,-88,17
146,93,-88,17
146,100,-87,25
146,106,-88,44
147,111,-90,25
147,117,-95,24
147,123,-96,29
148,128,-94,29
148,134,-91,30
148,140,-89,30
149,145,-89,30
149,151,-88,25
149,156,-87,26
149,162,-89,30
150,168,-89,26
150,173,-89,23
150,179,-88,22
151,186,-89,19
151,192,-89,18
152,207,-118,22
153,213,-116,40
153,218,-116,45
145,36,-130,17
146,74,-115,16
147,80,-105,17
147,86,-95,18
147,93,-88,17
147,100,-90,19
148,106,-89,24
148,111,-91,22
148,117,-92,21
149,123,-97,23
149,128,-96,24
149,134,-95,30
150,140,-93,23
150,145,-92,22
150,151,-91,22
151,157,-91,25
151,162,-92,27
151,168,-92,28
152,174,-92,23
152,179,-92,19
152,185,-95,17
153,191,-91,16
154,209,-120,24
154,214,-118,39
155,220,-117,44
148,80,-104,18
148,87,-100,17
148,93,-86,17
149,99,-91,18
149,104,-89,18
149,110,-89,25
150,116,-92,25
150,121,-93,22
150,127,-96,21
151,133,-97,25
151,138,-96,30
151,144,-96,25
152,149,-94,19
152,155,-95,22
152,161,-96,24
153,167,-96,20
153,172,-98,19
153,178,-96,17
154,185,-99,15
155,204,-125,17
156,210,-123,22
156,216,-121,31
149,74,-100,17
150,83,-106,18
150,88,-104,17
150,94,-90,18
150,100,-88,19
151,107,-91,22
151,113,-91,28
151,118,-92,24
152,124,-95,24
152,130,-96,22
152,135,-98,21
153,141,-97,21
153,147,-97,18
153,154,-97,22
154,160,-100,21
154,165,-101,19
154,171,-102,22
155,180,-101,18
155,189,-49,15
157,216,-123,19
151,78,-112,17
151,85,-102,17
151,93,-97,18
152,98,-89,18
152,105,-95,18
152,111,-93,27
153,117,-94,23
153,122,-96,24
153,128,-98,22
154,134,-100,23
154,140,-100,19
154,145,-102,21
155,151,-101,23
155,157,-106,29
155,163,-106,29
156,168,-106,38
157,177,-130,16
156,181,-104,17
156,186,-55,15
158,203,-125,20
152,79,-112,18
153,87,-110,17
153,92,-107,17
153,100,-95,19
154,105,-98,20
154,111,-99,20
154,117,-95,27
154,122,-97,24
155,128,-101,22
155,134,-102,23
156,140,-104,21
156,145,-107,22
156,151,-106,21
157,157,-109,76
157,163,-110,76
157,168,-109,62
158,183,-111,16
158,189,-109,15
152,38,-125,19
154,79,-110,18
154,86,-111,17
154,94,-98,18
155,100,-96,23
155,105,-98,19
155,111,-98,21
156,117,-97,23
156,122,-97,21
156,128,-101,21
157,134,-106,21
157,140,-109,24
157,145,-112,23
158,151,-112,22
158,157,-111,101
158,163,-112,90
159,168,-111,72
159,176,-109,15
160,191,-104,15
161,200,-128,20
153,37,-119,21
155,85,-98,19
156,91,-94,24
156,97,-98,22
156,102,-103,19
157,108,-99,22
157,114,-98,20
157,119,-99,22
157,125,-99,24
158,131,-102,24
158,137,-110,25
159,143,-118,36
159,148,-121,42
159,154,-117,56
160,160,-113,96
160,165,-112,76
160,171,-115,21
160,179,-96,16
162,191,-124,17
155,38,-124,17
157,85,-111,16
157,91,-101,18
157,97,-101,19
158,105,-100,19
158,111,-98,21
158,116,-97,20
159,122,-98,23
159,128,-98,23
159,134,-104,24
160,140,-118,40
161,146,-125,95
161,151,-125,85
161,157,-114,85
161,163,-114,59
162,168,-114,55
162,177,-117,15
156,36,-121,19
159,92,-104,17
159,99,-95,18
159,105,-97,19
160,111,-99,19
160,116,-94,26
160,122,-94,24
160,128,-96,24
161,134,-104,23
162,140,-120,35
162,146,-126,118
162,151,-126,94
163,157,-117,43
163,163,-116,43
163,168,-117,34
164,181,-128,16
158,33,-130,17
158,44,-123,15
161,96,-118,17
161,102,-109,15
161,111,-100,18
161,116,-96,22
161,122,-93,26
162,128,-94,34
162,133,-99,26
163,139,-118,31
164,145,-126,86
164,151,-126,85
164,157,-119,32
164,163,-118,42
165,169,-121,19
159,35,-119,22
162,96,-118,17
162,102,-111,17
162,109,-103,17
163,116,-96,17
163,122,-96,22
163,128,-96,23
164,133,-96,26
164,139,-111,32
165,145,-127,69
165,151,-126,82
166,157,-121,57
166,163,-120,57
166,169,-126,17
161,33,-128,19
164,97,-123,17
164,110,-101,17
164,118,-95,16
165,126,-126,21
165,132,-108,25
165,137,-98,36
166,144,-126,38
167,150,-127,67
167,155,-124,50
167,161,-123,58
168,167,-127,16
165,107,-112,15
165,116,-96,16
167,129,-128,25
167,135,-122,26
167,141,-116,29
168,148,-127,46
168,154,-126,66
169,160,-126,46
167,117,-92,16
170,147,-128,39
170,152,-128,70
170,158,-128,25
166,68,-65,16
